{
    "accuracy": 0.36824324324324326,
    "precision": 0.3990788548746993,
    "recall": 0.37189561950146627
}