{
    "accuracy": 0.34797297297297297,
    "precision": 0.3743219433006018,
    "recall": 0.36513242302052784
}