{
    "accuracy": 0.34797297297297297,
    "precision": 0.37929451276482573,
    "recall": 0.37490224828934504
}