{
    "accuracy": 0.35135135135135137,
    "precision": 0.38217930581730175,
    "recall": 0.37646474828934506
}