{
    "accuracy": 0.3547297297297297,
    "precision": 0.3835408926065201,
    "recall": 0.37802724828934503
}